"","Geographic.Area","Sex","X2016_Proportion of health care facilities with basic health care waste management services","X2016_Proportion of health care facilities with limited health care waste management services","X2016_Proportion of health care facilities with no health care waste management service","X2016_Proportion of health care facilities with basic water services","X2016_Proportion of health care facilities with limited water services","X2016_Proportion of health care facilities with no water service","X2016_Proportion of schools with basic drinking water services","X2016_Proportion of schools with limited drinking water services","X2016_Proportion of schools with no drinking water service","X2017_Proportion of population using at least basic drinking water services","X2017_Proportion of population using improved drinking water sources free of faecal and priority chemical contamination","X2017_Proportion of population using basic drinking water services","X2017_Proportion of the population using of improved drinking water sources free of faecal and priority chemical contamination","X2017_Proportion of population using improved drinking water sources","X2017_Proportion of population using limited drinking water services","X2017_Proportion of population using non-piped improved drinking water sources","X2017_Proportion of population using improved drinking water sources located on premises","X2017_Proportion of population using piped drinking water sources","X2017_Proportion of population using safely managed drinking water services","X2017_Proportion of population using surface water","X2017_Proportion of population using unimproved drinking water sources","X2017_Proportion of population with a handwashing facility with soap and water available at home","X2017_Proportion of population with a limited handwashing facility","X2017_Proportion of population with no handwashing facility at home","X2017_Proportion of population using at least basic sanitation services","X2017_Proportion of population using basic sanitation services","X2017_Proportion of population using on-site sanitation facilities with human waste disposed in situ","X2017_Proportion of population using of on-site sanitation facilities with human waste treated off-site","X2017_Proportion of population using improved sanitation facilities"
"1","Yemen","Total",13.2,36.799999,50,NA,NA,NA,35.572948,25.65205,38.775002,63.473473,58.098053,NA,NA,92.047531,28.57406,43.745579,49.321003,48.301956,NA,4.1928802,3.7595859,49.542355,25.683113,24.774532,59.053001,NA,NA,NA,64.550674
"2","Peru","Total",28.125,NA,NA,45.833351,36.231754,17.934895,73.066017,5.105865,21.828115,NA,72.589577,40.777218,50.350651,92.136261,1.0083933,5.0287018,84.236969,87.107559,50.350651,2.6420031,5.2217326,NA,NA,NA,NA,31.578234,4.9032688,3.1340704,85.200539
"3","Somalia","Total",12.8655,57.660801,29.4737,NA,NA,21.81295,NA,NA,61.623066,52.436188,59.314846,NA,NA,83.840866,31.404678,42.460102,33.891899,41.380764,NA,2.6423969,13.516736,9.8312492,34.120323,56.048428,38.33638,NA,NA,NA,53.336952
"4","Nepal","Total",1.36085,62.44965,36.189499,NA,NA,7.3083501,46.944538,30.555462,22.5,NA,81.577232,61.568897,27.243353,91.470169,2.6579192,44.067738,64.760521,47.402431,27.243353,1.9624233,6.5674081,47.781841,51.290863,0.92729831,62.053596,NA,NA,NA,75.739822
"5","Democratic Republic of the Congo","Total",11.7863,68.383003,19.8307,NA,NA,49.660477,NA,NA,53.239632,43.24332,NA,NA,NA,55.19323,11.949908,22.983707,8.3807354,32.209522,NA,9.2084999,35.59827,4.4715977,11.222516,84.305885,20.455976,NA,NA,NA,40.743599
"6","Haiti","Total",5.7368999,70.862701,23.4004,NA,NA,13.599,NA,NA,56.990044,65.466827,62.57328,NA,NA,75.008102,9.5412788,52.435902,9.5605335,22.572205,NA,0,24.991896,22.862747,61.288841,15.848414,34.704453,NA,NA,NA,62.069527
"7","Kenya","Total",33.114876,62.053158,4.8319669,65.5877,17.571589,16.840712,NA,NA,24.577541,58.916332,56.524666,NA,NA,67.979729,9.0633936,35.898399,24.471851,32.081326,NA,20.102354,11.917919,24.651043,35.275707,40.073246,29.051115,NA,NA,NA,51.180702
"8","Bangladesh","Total",11.1439,56.3568,32.499298,70.433098,13.296675,16.270226,73.636719,9.7361383,16.627146,NA,NA,41.57478,55.441227,98.559853,1.5438453,83.657257,77.850006,14.902596,55.441227,0.93235564,0.50779355,34.807602,53.86021,11.332187,48.233242,NA,NA,NA,70.879257
"9","Czechia","Total",100,0,0,100,0,0,NA,NA,NA,NA,NA,1.9989469,99.880257,99.880257,0,0,97.88131,99.880257,97.88131,0,0.1197412,NA,NA,NA,NA,4.674964,3.0414872,3.0414872,99.990105
"10","Ethiopia","Total",64.331886,NA,NA,30,39,31,NA,NA,77.299561,NA,55.698528,29.615179,13.973217,68.900146,27.840199,32.868774,18.254454,36.031376,11.444773,8.6010561,22.498795,7.9603896,51.490353,40.549259,7.3163328,NA,NA,NA,14.680179
"11","Benin","Total",25.7509,70.152702,4.0963998,73.572014,0,26.427984,NA,NA,27.525635,66.414726,NA,NA,NA,76.413719,9.9989977,36.619797,26.288353,39.793926,NA,3.7822924,19.803984,11.034913,15.90326,73.061829,16.452921,NA,NA,NA,35.989944
"12","Andorra","Total",100,0,0,100,0,0,100,0,0,NA,100,9.3599997,90.639999,100,0,0,100,100,90.639999,0,3.717304e-06,NA,NA,NA,NA,0,0,0,100
"13","Zambia","Total",40.2817,NA,NA,39.651402,45.186764,15.161836,79,NA,NA,59.963757,NA,NA,NA,67.467873,7.5041184,35.605114,23.54097,31.862761,NA,8.6391258,23.893,13.93808,28.081049,57.980869,26.370119,NA,NA,NA,44.056553
"14","Lebanon","Total",63.799999,30.799999,5.4000001,61.400002,2.0999999,36.5,59.400002,0.75,39.849998,NA,90.958527,44.900002,47.700001,100,7.4000001,13.066271,89.599998,86.933731,47.700001,0,0,NA,NA,NA,NA,76.714577,8.8198547,1.2780851,99.97628
"15","Guinea-Bissau","Total",0,NA,NA,NA,NA,7.5999999,NA,NA,NA,66.634415,NA,NA,NA,73.526894,6.8924761,NA,30.070667,NA,NA,0.48042643,25.992683,6.4029369,4.7188272,88.878235,20.538004,NA,NA,NA,36.24081
"16","Paraguay","Total",6.1538,NA,NA,84.615402,8.4614496,6.9231501,NA,NA,3.4342108,NA,86.280121,35.71563,63.894569,100,0.3897987,6.3784404,95.904861,93.621559,63.894569,0,3.5843486e-06,79.601524,18.084417,2.3140566,NA,31.314529,54.24926,0,93.133598
"17","Zimbabwe","Total",54.988998,44.687901,0.3231,80.800003,12.9487,6.2512999,64.089996,27.809999,8.1000004,64.051231,58.284046,NA,NA,77.25103,13.199797,46.255085,32.492535,30.995941,NA,7.0988526,15.650121,36.79126,61.245407,1.9633315,36.221397,NA,NA,NA,64.178772
"18","Armenia","Total",97,NA,NA,39,61,0,NA,NA,NA,NA,86.476357,13.437021,89.724838,99.913376,0,0.98946506,99.20195,98.923912,86.476357,0,0.08662346,94.042938,1.0887058,4.8683529,NA,45.41914,11.55283,5.2329164,94.134598
"19","Kuwait","Total",100,0,0,100,0,0,100,0,0,NA,100,0,100,100,0,NA,100,NA,100,0,0,NA,NA,NA,NA,0,0,0,100
"20","Serbia","Total",100,0,0,96,3.8,0.2,71.971489,NA,NA,NA,NA,10.792571,74.729546,99.219475,13.697359,3.2071314,83.733315,96.012344,74.729546,0.016649898,0.76387495,NA,NA,NA,NA,72.841156,11.064335,2.2660844,97.5672
"21","Senegal","Total",31.265011,54.17635,14.55864,45.717899,42.72406,11.55804,31.559999,35.879337,32.560661,80.677856,42.646786,NA,NA,83.271942,2.5940905,10.254657,66.687988,73.017288,NA,0.28079793,16.447258,24.145876,22.159239,53.694885,NA,30.018225,19.402157,0,68.431099
"22","Seychelles","Total",80,NA,NA,NA,NA,NA,100,0,0,96.249016,NA,NA,NA,96.249016,0,1.5937378,95.210419,94.655273,NA,3.7509875,0,NA,NA,NA,100,NA,NA,NA,100
"23","Lao People's Democratic Republic","Total",32.666668,NA,NA,NA,NA,NA,NA,NA,65.986008,NA,80.043159,65.980034,16.081865,82.878418,0.81651735,33.397186,72.531044,49.481232,16.081865,2.8934083,14.228177,49.839157,40.250351,9.9104919,NA,16.405821,57.515415,0,77.236732
"24","Congo","Total",12.3053,27.2586,60.4361,37.383202,45.015526,17.601274,NA,NA,55.716637,NA,NA,27.862947,45.918808,83.682388,10.464631,31.782999,52.375549,51.899391,45.354813,6.4585743,9.8590336,47.963673,34.070415,17.965912,20.172878,NA,NA,NA,53.888836
"25","Estonia","Total",100,0,0,100,0,0,100,0,0,NA,99.71283,6.3798337,93.332993,99.71283,0,2.8148289,96.632599,96.897995,93.332993,0,0.28717315,NA,NA,NA,NA,1.7859182,4.626102,4.6107297,99.845474
"26","Montenegro","Total",100,0,0,100,0,0,NA,NA,NA,NA,NA,3.4451294,93.596924,99.75811,2.7160602,14.878686,95.655533,84.879425,93.596924,0.11733051,0.12455919,NA,NA,NA,97.77388,NA,NA,NA,97.948669
"27","Djibouti","Total",35,NA,NA,NA,NA,18,NA,NA,14.643137,75.632309,NA,NA,NA,90.323067,14.690759,8.6056538,46.016697,81.717415,NA,2.3953338,7.2816,NA,NA,NA,NA,27.164919,34.113018,0,70.061981
"28","Sierra Leone","Total",16.921267,82.727333,0.35139999,NA,NA,25.849709,61.556602,20.743397,17.700001,NA,48.924999,50.887859,10.257901,69.810196,9.0032053,45.279041,16.092264,24.531149,9.9191265,13.700417,16.489391,19.275139,22.333269,58.39159,NA,2.3031583,13.266791,0,49.569801
"29","Togo","Total",30.4398,67.677399,1.8828,58.333302,29.023001,12.6437,NA,NA,56.976604,65.128838,NA,NA,NA,70.904137,5.7752986,45.210732,19.019253,25.693407,NA,13.374508,15.721353,10.474806,11.978769,77.546425,16.132103,NA,NA,NA,42.629623
"30","Libya","Total",42.550774,NA,NA,NA,NA,27.967299,NA,NA,13,98.528946,NA,NA,NA,98.528946,0,58.718422,86.792038,39.810528,NA,0,1.4710526,NA,NA,NA,NA,73.888519,13.279389,2.06319,100
"31","Niger","Total",59.677399,NA,NA,NA,NA,39.299999,NA,NA,81.103951,50.273064,48.697933,NA,NA,65.151459,14.87839,32.649559,17.490978,32.501896,NA,3.7755599,31.072985,NA,NA,NA,NA,3.9618359,9.4106779,0,23.303837
"32","Burundi","Total",84.300003,NA,NA,73.400002,13.117518,13.482482,41.593948,12.521684,45.884365,60.830547,NA,NA,NA,80.346832,19.516281,44.841999,9.6226501,35.504829,NA,4.7733207,14.879849,6.1440992,92.559998,1.2959015,45.821205,NA,NA,NA,57.39616
"33","United Republic of Tanzania","Total",27.301167,65.359215,7.339622,65.461723,13.715002,20.823271,NA,NA,28.747116,56.726452,31.71932,NA,NA,68.160721,11.434272,32.429516,29.41493,35.731209,NA,14.228876,17.610401,47.952694,35.178211,16.869097,NA,4.5345607,25.128572,0,46.857662
"34","Malawi","Total",43.091099,56.090099,0.81879997,NA,NA,1.68875,NA,NA,11.121428,68.831879,66.728386,NA,NA,88.737396,19.905521,67.079979,14.864148,21.657419,NA,2.3935192,8.8690815,8.7039557,75.536125,15.759919,26.226149,NA,NA,NA,39.620609
"35","Ghana","Total",51.335442,NA,NA,71.166077,25.679548,3.154372,NA,NA,34.708321,NA,78.336967,45.041779,54.800228,89.92878,8.4753923,57.300674,36.411613,32.628105,36.411613,6.0896935,3.9815247,41.04731,42.212055,16.740635,18.472166,NA,NA,NA,68.683121
"36","Uganda","Total",42.769463,NA,NA,30.8113,65.153763,4.034936,69.188889,24.839611,5.9714985,NA,70.536522,42.038231,50.179417,80.820816,31.716787,59.551773,7.0658002,21.269045,7.0658002,6.7167172,12.462463,21.22249,31.749327,47.028183,18.472319,NA,NA,NA,36.166203
"37","Chad","Total",54.525002,NA,NA,NA,NA,41.119186,22.919804,6.9621744,70.118019,38.7006,NA,NA,NA,55.743706,17.043106,36.49868,8.8968735,19.245024,NA,5.5277762,38.728519,5.8180938,18.437572,75.744331,8.3424835,NA,NA,NA,15.340199
"38","Sri Lanka","Total",27.019899,69.139,3.8411,99.3377,0,0.66229999,NA,NA,20.43889,89.41629,87.026848,NA,NA,92.625946,3.2096505,54.344158,75.038528,38.281784,NA,1.6411819,5.7328749,NA,NA,NA,95.781723,NA,NA,NA,98.852707
"39","Maldives","Total",29.787233,NA,NA,54.787235,43.082767,2.1300001,NA,NA,NA,99.256203,74.722343,NA,NA,99.331848,0.075647697,51.529037,97.085045,47.802811,NA,0,0.66815132,95.802864,1.801433,2.395704,99.373001,NA,NA,NA,100
"40","Myanmar","Total",3.1175001,87.897797,8.9847002,NA,NA,27.3587,70.849998,NA,NA,81.774048,NA,NA,NA,81.774048,0,57.22134,54.950771,24.552708,NA,8.8350391,9.3909121,79.287086,14.847084,5.8658304,64.332687,NA,NA,NA,73.686356
"41","Nigeria","Total",42.577999,47.3517,10.0703,49.599998,14.69105,35.70895,NA,NA,50,NA,68.650665,51.244072,22.937311,77.94426,6.5676293,66.769897,24.027306,11.174366,20.132561,7.4582286,14.597511,41.948914,32.580112,25.470972,NA,12.517134,23.473721,0,59.678005
"42","Burkina Faso","Total",30.745676,68.651222,0.6031,78.74292,17.227674,4.0294023,52.565735,4.0586238,43.375641,47.888126,52.723274,NA,NA,75.64476,27.756634,50.155598,18.375328,25.489162,NA,1.2871375,23.068102,11.877389,42.018726,46.103886,19.402086,NA,NA,NA,46.873569
"43","Liberia","Total",67.126335,NA,NA,NA,NA,50.076103,41.5219,11.848151,46.629951,72.948029,NA,NA,NA,81.02639,8.0783558,76.331245,13.510817,4.6951442,NA,13.23912,5.7344928,1.1884805,1.4157155,97.395805,16.973518,NA,NA,NA,44.070316
"44","Indonesia","Total",66.064552,NA,NA,80.174507,6.5382061,13.287289,65.690002,3.4024999,30.907499,89.344009,86.887901,NA,NA,90.758011,1.4140019,72.475746,53.728474,18.282267,NA,1.5013447,7.7406411,64.203621,6.3283873,29.467995,73.128387,NA,NA,NA,85.371567
"45","Mauritania","Total",25.3549,53.891201,20.753901,80.519501,8.4805002,11,NA,NA,NA,70.69619,NA,NA,NA,84.399887,13.703703,32.121571,42.311203,52.27832,NA,0.022949664,15.57716,42.99905,36.870602,20.130348,48.43549,NA,NA,NA,56.019043
"46","Papua New Guinea","Total",10.2273,NA,NA,70.454498,23.8636,5.6819,46.832802,5.47508,47.69212,41.327049,NA,NA,NA,43.04076,1.7137115,24.659662,21.953703,18.3811,NA,51.454113,5.5051265,NA,NA,NA,12.949267,NA,NA,NA,15.212043
"47","Ecuador","Total",48.949749,NA,NA,NA,NA,NA,50.524632,47.362583,2.1127865,NA,89.156799,18.926523,75.068016,94.106956,0.11241822,6.2814903,92.433434,87.825462,75.068016,3.0812278,2.8118174,80.634781,9.8498058,9.5154161,NA,45.977955,25.120579,0.28670225,97.056557
"48","San Marino","Total",100,0,0,100,0,0,NA,NA,NA,NA,100,0,100,100,0,0,100,100,100,0,0,NA,NA,NA,NA,22.773874,3.75,3.104625,100
"49","Egypt","Total",NA,NA,0,NA,NA,NA,NA,NA,NA,99.105728,71.26609,NA,NA,99.342476,0.23674776,1.1194832,97.992676,98.222992,NA,0.01699095,0.64053082,89.826973,9.5045443,0.66848671,NA,33.452496,8.0961056,5.9131894,98.544655
"50","Lithuania","Total",NA,NA,NA,100,0,0,NA,NA,NA,NA,NA,5.4992032,92.042862,97.542068,0,2.6203525,94.442314,94.921715,92.042862,0,2.457932,NA,NA,NA,NA,2.0430875,1.0887041,1.0645962,95.455292
"51","Azerbaijan","Total",NA,NA,NA,100,0,0,100,0,0,NA,94.130165,17.821409,87.89257,94.130165,2.7444248,8.1923065,73.564331,85.937859,73.564331,0.97194856,4.8978868,83.241302,11.4587,5.3000002,92.511444,NA,NA,NA,95.126129
"52","Côte d'Ivoire","Total",NA,NA,NA,57.142899,28.5714,14.2857,NA,NA,52.893463,NA,57.054722,36.319843,45.116501,79.175919,6.306973,37.683701,45.602196,41.492218,36.549103,5.7403188,15.083761,19.350798,33.626625,47.022579,32.134907,NA,NA,NA,54.458477
"53","Comoros","Total",NA,NA,NA,20.700001,18.299999,61,NA,NA,88.44738,80.167519,NA,NA,NA,91.037155,10.869639,31.629892,65.409767,59.407265,NA,0.59442055,8.3684225,NA,NA,NA,35.856625,NA,NA,NA,49.029667
"54","Viet Nam","Total",NA,NA,NA,50.617256,45.987637,3.3951066,NA,NA,NA,94.718803,NA,NA,NA,94.718803,0,51.851906,94.718803,42.866901,NA,0,5.2811942,85.846542,12.509258,1.6441976,83.515053,NA,NA,NA,87.275131
"55","China","Total",NA,NA,NA,90.5,0.75,8.75,NA,NA,3.2333333,92.846138,89.609505,NA,NA,93.679314,0.83317643,17.623528,91.513336,76.055786,NA,0.43096277,5.8897252,NA,NA,NA,NA,12.678515,15.579978,3.5055428,90.741699
"56","Honduras","Total",NA,NA,NA,57.534199,41.780849,0.68494999,58.624683,19.797657,21.57766,94.82711,60.264572,NA,NA,95.260872,0.43376303,5.072063,88.158394,90.188812,NA,0,4.7391276,NA,NA,NA,81.251266,NA,NA,NA,90.216225
"57","Mali","Total",NA,NA,NA,NA,NA,10.692857,NA,NA,61.858593,78.260826,67.229271,NA,NA,82.901505,4.6406717,37.406872,32.962101,45.494629,NA,1.8045115,15.293987,52.232082,24.673702,23.094213,NA,20.626017,18.328257,0,54.187126
"58","Mexico","Total",NA,NA,NA,NA,NA,0.16476582,NA,NA,11.365524,NA,69.246902,56.44791,42.870312,99.318222,0,3.3205247,95.400192,95.997696,42.870312,0,0.68178111,87.846687,9.211031,2.9422846,NA,40.777958,5.0125008,2.8715661,97.801826
"59","Mozambique","Total",NA,NA,NA,NA,NA,20,NA,NA,69,55.693977,NA,NA,NA,70.664955,14.970977,35.097733,21.392826,35.567219,NA,13.180686,16.154362,NA,NA,NA,29.360294,NA,NA,NA,34.056286
"60","South Sudan","Total",NA,NA,NA,NA,NA,35.503685,NA,NA,62.610554,40.676014,NA,NA,NA,74.337433,33.661419,71.058456,2.523741,3.2789707,NA,9.0781755,16.584394,NA,NA,NA,11.321684,NA,NA,NA,19.099083
"61","Saint Vincent and the Grenadines","Total",NA,NA,NA,NA,NA,0,100,0,0,95.145218,69.836594,NA,NA,95.145218,0,2.1784184,93.679337,92.966805,NA,NA,4.8547802,NA,NA,NA,87.184341,NA,NA,NA,90.159615
"62","Tunisia","Total",NA,NA,NA,NA,NA,4.6700001,69.5,18.8279,11.672099,NA,NA,3.5971792,98.218521,98.218521,1.9638191,5.9112391,92.657524,92.307281,92.657524,0,1.7814773,78.68689,4.8326921,16.480417,NA,12.803134,12.544673,12.402847,95.92762
"63","Guyana","Total",NA,NA,NA,NA,NA,22.786602,NA,NA,NA,95.539749,NA,NA,NA,96.749077,1.209327,31.389502,94.389153,65.359573,NA,2.1039817,1.1469437,77.159416,11.072604,11.767981,85.7631,NA,NA,NA,96.015259
"64","Timor-Leste","Total",NA,NA,NA,NA,NA,4.1095891,NA,NA,NA,78.343864,NA,NA,NA,80.652283,2.3084185,16.100557,66.499832,64.551727,NA,4.4287143,14.919002,28.178228,64.580101,7.2416706,53.519009,NA,NA,NA,62.596699
"65","Cambodia","Total",NA,NA,NA,NA,NA,6.0039611,NA,NA,51.299999,NA,NA,52.665108,25.845549,78.94635,0.43569219,52.818466,61.248558,26.127882,25.845549,10.86448,10.189171,66.228622,12.596601,21.174778,59.226967,NA,NA,NA,65.695984
"66","Grenada","Total",NA,NA,NA,NA,NA,0,100,0,0,NA,92.251007,8.513382,87.115265,96.790131,1.1614816,4.4637861,89.917679,92.326347,87.115265,3.209868,0,NA,NA,NA,91.493889,NA,NA,NA,93.706848
"67","Namibia","Total",NA,NA,NA,NA,NA,0.81707317,76.409637,14.21484,9.3755217,82.5411,NA,NA,NA,89.67205,7.1309505,10.399355,60.152988,79.272697,NA,6.3370929,3.9908578,44.599903,43.410393,11.989702,34.503738,NA,NA,NA,46.933117
"68","State of Palestine","Total",NA,NA,NA,NA,NA,2.0999999,80.432091,18.235748,1.3321615,96.826897,88.242966,NA,NA,97.330338,0.50344354,43.184494,88.638741,54.145847,NA,NA,2.6696601,NA,NA,NA,NA,35.695847,13.847646,10.279554,99.836403
"69","Gambia","Total",NA,NA,NA,NA,NA,4,NA,NA,25.29401,77.99157,NA,NA,NA,87.077766,9.0862017,15.205538,44.466099,71.872231,NA,0.0024763392,12.919755,7.8762665,15.112188,77.011543,39.231152,NA,NA,NA,66.251144
"70","Bolivia (Plurinational State of)","Total",NA,NA,NA,NA,NA,12.986794,NA,NA,NA,92.848732,NA,NA,NA,92.931084,0.08234971,21.909187,91.54715,71.021896,NA,5.4732785,1.5956366,25.382898,15.280419,59.336681,NA,37.778667,9.2505789,2.7113447,78.019066
"71","India","Total",NA,NA,NA,NA,NA,9.2433004,68.961853,22.307711,8.7304392,92.674644,81.695114,NA,NA,93.439133,0.76448894,49.696701,63.198956,43.742432,NA,0.75357336,5.8072953,59.549686,37.706413,2.743901,59.543449,NA,NA,NA,72.046188
"72","Eswatini","Total",NA,NA,NA,NA,NA,0,NA,NA,10.735398,69.008652,NA,NA,NA,78.27079,9.2621384,17.264296,49.554691,61.006496,NA,13.079834,8.6493731,24.096964,31.456587,44.446449,58.351982,NA,NA,NA,85.040405
"73","Antigua and Barbuda","Total",NA,NA,NA,NA,NA,0,NA,NA,NA,96.739189,89.870705,NA,NA,96.739189,0,2.4203162,74.761292,94.318871,NA,0.094466113,3.1663475,NA,NA,NA,87.50428,NA,NA,NA,91.678864
"74","Philippines","Total",NA,NA,NA,NA,NA,19.5,50.307117,12.085923,37.60696,NA,85.194389,46.914356,46.654018,95.426315,1.8579377,55.310162,72.609825,40.11615,46.654018,0,4.5736861,78.462959,11.798667,9.7383699,NA,24.893362,49.850548,0,91.41787
"75","Suriname","Total",NA,NA,NA,NA,NA,NA,NA,NA,NA,95.424744,54.055149,NA,NA,96.631668,1.2069242,17.928154,91.645798,78.703514,NA,NA,3.3683307,NA,NA,NA,84.457581,NA,NA,NA,95.011871
"76","Sao Tome and Principe","Total",NA,NA,NA,NA,NA,NA,NA,NA,11.061941,84.290161,NA,NA,NA,96.757507,12.467351,3.0237582,37.829567,93.733749,NA,2.5732143,0.66927528,41.339874,13.841012,44.819115,42.974945,NA,NA,NA,49.060665
"77","Falkland Islands (Malvinas)","Total",NA,NA,NA,NA,NA,NA,NA,NA,NA,95.024742,NA,NA,NA,95.024742,0,4.9752593,92.537117,90.049484,NA,0,4.975255,NA,NA,NA,100,NA,NA,NA,100
"78","Nauru","Total",NA,NA,NA,NA,NA,NA,NA,NA,NA,99.484932,NA,NA,NA,99.484932,0,46.664635,98.888023,52.820301,NA,0,0.51506561,NA,NA,NA,65.595528,NA,NA,NA,96.322357
"79","Panama","Total",NA,NA,NA,NA,NA,NA,NA,NA,19.726507,96.382416,84.166,NA,NA,98.298935,1.9165162,5.2887845,95.835449,93.010147,NA,0.60314107,1.0979239,NA,NA,NA,83.31546,NA,NA,NA,89.091782
"80","Faroe Islands","Total",NA,NA,NA,NA,NA,NA,NA,NA,NA,100,NA,NA,NA,100,0,0,100,100,NA,0,0,NA,NA,NA,NA,NA,NA,NA,NA
"81","Cuba","Total",NA,NA,NA,NA,NA,NA,NA,NA,NA,95.327583,NA,NA,NA,97.384186,2.0566034,17.879539,93.711525,79.504646,NA,0.41778326,2.1980312,85.198204,10.064415,4.7373776,NA,48.473064,16.16115,7.0609078,95.833328
"82","Bermuda","Total",NA,NA,NA,NA,NA,NA,NA,NA,NA,99.903137,NA,NA,NA,99.903137,0,0.096859984,99.856514,99.806282,NA,0,0.096859984,NA,NA,NA,99.903137,NA,NA,NA,99.903137
"83","Palau","Total",NA,NA,NA,NA,NA,NA,NA,NA,NA,100,100,NA,NA,100,0,0.61905003,100,99.380951,NA,0,2.1944736e-06,NA,NA,NA,100,NA,NA,NA,100
"84","Belize","Total",NA,NA,NA,NA,NA,NA,NA,NA,NA,97.992577,NA,NA,NA,99.235298,1.2427157,13.454218,96.407127,85.781075,NA,0,0.76470453,90.082764,8.9833126,0.93392116,87.858521,NA,NA,NA,96.889038
"85","Saint Lucia","Total",NA,NA,NA,NA,NA,NA,99.290001,NA,NA,98.162003,NA,NA,NA,100,1.8380008,4.0036526,95.500473,95.996353,NA,0,0,NA,NA,NA,88.352905,NA,NA,NA,99.182312
"86","Kiribati","Total",NA,NA,NA,NA,NA,NA,NA,NA,33.844196,71.615974,NA,NA,NA,72.502861,0.88688517,48.83046,60.899448,23.672403,NA,0,27.497137,NA,NA,NA,47.802891,NA,NA,NA,61.10434
"87","Tuvalu","Total",NA,NA,NA,NA,NA,NA,NA,NA,NA,99.27224,NA,NA,NA,99.27224,0,0,96.988976,99.27224,NA,0,0.72776002,NA,NA,NA,NA,77.763077,6.3153987,0,91.497162
"88","Brazil","Total",NA,NA,NA,NA,NA,NA,NA,NA,16.771303,98.19339,90.061424,NA,NA,98.445694,0.25230277,1.1871431,98.19339,97.258553,NA,NA,1.5543073,NA,NA,NA,NA,39.018063,7.52702,4.2581658,88.540611
"89","Rwanda","Total",NA,NA,NA,NA,NA,NA,44.16,NA,NA,57.71328,NA,NA,NA,79.472298,21.75902,42.240265,11.045288,37.232033,NA,6.4434953,14.084207,4.6172786,9.7128181,85.669907,66.573845,NA,NA,NA,80.933937
"90","British Virgin Islands","Total",NA,NA,NA,NA,NA,NA,NA,NA,NA,99.86438,NA,NA,NA,99.86438,0,NA,97.992691,NA,NA,0,0.13561644,NA,NA,NA,NA,NA,NA,NA,NA
"91","Micronesia (Federated States of)","Total",NA,NA,NA,NA,NA,NA,NA,NA,NA,78.566483,64.625542,NA,NA,78.566483,0,NA,55.521893,NA,NA,NA,21.433521,NA,NA,NA,88.309334,NA,NA,NA,88.309334
"92","Tonga","Total",NA,NA,NA,NA,NA,NA,NA,NA,NA,99.90683,NA,NA,NA,99.90683,0,0,71.473495,99.90683,NA,0,0.093172252,NA,NA,NA,93.445274,NA,NA,NA,94.468834
"93","French Polynesia","Total",NA,NA,NA,NA,NA,NA,NA,NA,NA,100,NA,NA,NA,100,0,0,98.700012,100,NA,0,0,NA,NA,NA,96.854614,NA,NA,NA,96.854614
"94","Barbados","Total",NA,NA,NA,NA,NA,NA,100,0,0,98.494446,88.885796,NA,NA,98.761993,0.26754624,0,98.379318,98.761993,NA,0,1.2380062,NA,NA,NA,97.279381,NA,NA,NA,99.171104
"95","Dominican Republic","Total",NA,NA,NA,NA,NA,NA,NA,NA,10.154358,96.690224,NA,NA,NA,97.030952,0.34072584,16.509937,94.554688,80.521011,NA,1.2986103,1.6704391,55.18198,15.804873,29.013147,83.893204,NA,NA,NA,94.990959
"96","Solomon Islands","Total",NA,NA,NA,NA,NA,NA,16.57,36.43,47,67.775955,37.225609,NA,NA,73.568398,5.7924409,27.327709,51.642963,46.240688,NA,11.554972,14.876631,35.889671,36.101849,28.008476,33.528355,NA,NA,NA,39.126331
"97","United Arab Emirates","Total",NA,NA,NA,NA,NA,NA,NA,NA,NA,98.045509,99.148659,NA,NA,99.953255,1.9077492,3.9313242,98.045509,96.021935,NA,0,0.046744291,NA,NA,NA,NA,2.3059838,3.0324409,3.0319126,99.349739
"98","South Africa","Total",NA,NA,NA,NA,NA,NA,77.745872,21.430315,0.82380944,92.678703,70.903427,NA,NA,95.468964,2.7902646,5.5107484,76.001373,89.958221,NA,2.6965621,1.8344713,43.992573,43.596371,12.411057,75.747101,NA,NA,NA,90.604172
"99","Sudan","Total",NA,NA,NA,NA,NA,NA,NA,NA,14.828163,60.26709,83.574799,NA,NA,86.956841,26.689749,41.195061,38.493828,45.76178,NA,9.3431644,3.6999962,23.437365,19.217722,57.344913,36.575031,NA,NA,NA,44.89436
"100","El Salvador","Total",NA,NA,NA,NA,NA,NA,83.830002,1.9468005,14.2232,97.388374,72.21711,NA,NA,97.609604,0.22122674,7.8821559,91.493523,89.727448,NA,2.379143,0.011255393,90.649681,6.6534553,2.6968601,87.433563,NA,NA,NA,98.300163
"101","Marshall Islands","Total",NA,NA,NA,NA,NA,NA,3.1900001,NA,NA,88.486435,NA,NA,NA,99.760567,11.274131,87.395088,83.152519,12.365478,NA,0,0.2394316,82.502167,15.113681,2.3841517,83.494057,NA,NA,NA,89.086357
"102","Trinidad and Tobago","Total",NA,NA,NA,NA,NA,NA,NA,NA,NA,98.184959,81.764343,NA,NA,99.301941,1.1169772,5.286191,98.184959,94.015747,NA,0,0.69806069,NA,NA,NA,93.398903,NA,NA,NA,99.302956
"103","Guinea","Total",NA,NA,NA,NA,NA,NA,10.038373,17.187582,72.77404,61.898724,NA,NA,NA,79.871658,17.972933,51.831787,39.007076,28.039869,NA,11.324709,8.8036346,17.449717,30.569281,51.981003,22.719271,NA,NA,NA,52.963924
"104","Curaçao","Total",NA,NA,NA,NA,NA,NA,NA,NA,NA,99.497749,NA,NA,NA,99.497749,0,0.62962884,99.182594,98.868126,NA,0,0.50224817,NA,NA,NA,98.950272,NA,NA,NA,98.950272
"105","Anguilla","Total",NA,NA,NA,NA,NA,NA,NA,NA,NA,97.482277,87.636566,NA,NA,97.482277,0,NA,88.373985,NA,NA,0,2.5177257,NA,NA,NA,96.702164,NA,NA,NA,99.080086
"106","Saudi Arabia","Total",NA,NA,NA,NA,NA,NA,NA,NA,NA,100,NA,NA,NA,100,0,14.127974,99.009209,85.872025,NA,0,0,NA,NA,NA,NA,22.24786,11.12393,11.12393,100
"107","Syrian Arab Republic","Total",NA,NA,NA,NA,NA,NA,NA,NA,NA,97.216507,93.278915,NA,NA,99.422752,2.2062478,26.5086,80.808502,72.914154,NA,NA,0.57724601,70.598091,20.815361,8.5865498,91.22287,NA,NA,NA,99.147812
"108","Bahamas","Total",NA,NA,NA,NA,NA,NA,NA,NA,NA,98.886963,98.886963,NA,NA,98.886963,0,1.5997752,97.930138,97.287186,NA,0,1.1130395,NA,NA,NA,94.93058,NA,NA,NA,98.247643
"109","Thailand","Total",NA,NA,NA,NA,NA,NA,NA,NA,NA,99.93071,NA,NA,NA,100,0.069288425,29.70929,99.93071,70.29071,NA,0,0,83.923355,8.3427401,7.7339015,98.750732,NA,NA,NA,99.943916
"110","Turks and Caicos Islands","Total",NA,NA,NA,NA,NA,NA,NA,NA,NA,94.318184,NA,NA,NA,94.318184,0,26.363636,90.454483,67.954544,NA,0,5.681818,NA,NA,NA,87.98864,NA,NA,NA,87.98864
"111","Uruguay","Total",NA,NA,NA,NA,NA,NA,NA,NA,6.3008604,99.402367,100,NA,NA,100,0.59763956,0.079890966,98.79023,99.920113,NA,0,0,NA,NA,NA,96.596191,NA,NA,NA,98.931725
"112","Mauritius","Total",NA,NA,NA,NA,NA,NA,100,0,0,99.866333,72.90242,NA,NA,99.866333,0,0.0082315719,99.83532,99.858101,NA,0,0.13366865,NA,NA,NA,95.504837,NA,NA,NA,99.467392
"113","Madagascar","Total",NA,NA,NA,NA,NA,NA,NA,NA,80.739113,54.40398,42.37904,NA,NA,55.450966,1.0469859,19.942305,27.002987,35.508663,NA,12.705448,31.843584,NA,NA,NA,10.506761,NA,NA,NA,26.054274
"114","Algeria","Total",NA,NA,NA,NA,NA,NA,93.306709,0,6.6932869,93.555885,NA,NA,NA,98.695763,5.1398768,21.919012,81.202911,76.776756,NA,0.19029352,1.1139414,83.740601,7.8555164,8.4038811,NA,69.899094,3.6181731,0.63416409,95.957062
"115","Cook Islands","Total",NA,NA,NA,NA,NA,NA,100,0,0,99.879601,NA,NA,NA,99.879601,0,24.962542,87.347755,74.917061,NA,0,0.12039964,NA,NA,NA,97.626869,NA,NA,NA,97.626869
"116","Gabon","Total",NA,NA,NA,NA,NA,NA,NA,NA,NA,85.771004,NA,NA,NA,93.790695,8.0196915,7.0400019,70.270973,86.750694,NA,3.2893398,2.919965,NA,NA,NA,47.413277,NA,NA,NA,74.829903
"117","Botswana","Total",NA,NA,NA,NA,NA,NA,NA,NA,0,90.337715,NA,NA,NA,96.918182,6.5804725,6.4935136,79.086128,90.424675,NA,1.4990094,1.5828049,NA,NA,NA,77.269226,NA,NA,NA,82.83149
"118","Brunei Darussalam","Total",NA,NA,NA,NA,NA,NA,NA,NA,NA,99.900009,NA,NA,NA,99.900009,0,0.036372725,99.831894,99.86364,NA,0,0.099990912,NA,NA,NA,NA,NA,NA,NA,NA
"119","Angola","Total",NA,NA,NA,NA,NA,NA,NA,NA,NA,55.842903,30.814875,NA,NA,65.818573,9.9756651,25.266554,36.636021,40.552017,NA,15.386289,18.795141,26.664183,15.040511,58.295307,49.87698,NA,NA,NA,70.07679
"120","Cabo Verde","Total",NA,NA,NA,NA,NA,NA,NA,NA,2.3487906,87.083206,NA,NA,NA,96.228462,9.1452522,7.6988955,84.121635,88.529564,NA,0.12197924,3.6495607,NA,NA,NA,73.85379,NA,NA,NA,79.831116
"121","Wallis and Futuna","Total",NA,NA,NA,NA,NA,NA,NA,NA,NA,99.559273,NA,NA,NA,99.559273,0,0.21040778,99.015755,99.348869,NA,0,0.44072357,NA,NA,NA,99.121979,NA,NA,NA,99.121979
"122","Virgin Islands U.S.","Total",NA,NA,NA,NA,NA,NA,NA,NA,NA,98.718269,NA,NA,NA,98.718269,0,52.034348,97.935997,46.683922,NA,0,1.2817327,NA,NA,NA,99.371277,NA,NA,NA,99.371277
"123","Tokelau","Total",NA,NA,NA,NA,NA,NA,NA,NA,NA,99.624252,NA,NA,NA,99.624252,0,4.3797297,95.571053,95.244522,NA,0,0.37575024,NA,NA,NA,96.663849,NA,NA,NA,100
"124","Cameroon","Total",NA,NA,NA,NA,NA,NA,33.75,NA,NA,60.384865,NA,NA,NA,76.53598,16.151119,36.826248,30.965229,39.709736,NA,7.3327584,16.131258,9.4020662,5.3505187,85.247414,39.07555,NA,NA,NA,57.748375
"125","Turkey","Total",NA,NA,NA,NA,NA,NA,NA,NA,NA,98.875717,NA,NA,NA,98.875717,0,0,96.306122,98.875717,NA,0.12689479,0.99738705,NA,NA,NA,NA,32.096996,3.979861,2.8083038,97.879456
"126","Australia","Total",NA,NA,NA,NA,NA,NA,100,0,0,99.969933,95.874504,NA,NA,99.969933,0,8.7856016,97.378784,91.184334,NA,0,0.030064404,NA,NA,NA,NA,24.35128,2.8727882,2.2878191,99.99115
"127","Equatorial Guinea","Total",NA,NA,NA,NA,NA,NA,NA,NA,69.188545,64.665817,NA,NA,NA,67.623817,2.9579992,26.841846,16.707451,40.781971,NA,6.3384776,26.037704,NA,NA,NA,66.31279,NA,NA,NA,76.192291
"128","Fiji","Total",NA,NA,NA,NA,NA,NA,88.077003,5.4229999,6.5,93.790916,93.790916,NA,NA,93.790916,0,6.8246288,69.033852,86.966293,NA,2.0174003,4.1916804,NA,NA,NA,95.072174,NA,NA,NA,100
"129","Saint Maarten","Total",NA,NA,NA,NA,NA,NA,NA,NA,NA,95.07412,NA,NA,NA,95.07412,0,4.3288207,92.911636,90.7453,NA,0,4.9258804,NA,NA,NA,98.781029,NA,NA,NA,98.781029
"130","Venezuela (Bolivarian Republic of)","Total",NA,NA,NA,NA,NA,NA,97.489998,NA,NA,95.723709,59.142815,NA,NA,96.204735,0.48102367,8.7535238,87.375786,87.45121,NA,1.3782282,2.4170368,NA,NA,NA,NA,70.176453,0.89442307,0.22410764,93.93502
"131","Jamaica","Total",NA,NA,NA,NA,NA,NA,83.260002,NA,NA,90.648438,45.877792,NA,NA,96.034782,5.3863459,12.208385,83.772377,83.826393,NA,1.6615332,2.3036847,NA,NA,NA,87.312599,NA,NA,NA,98.964012
"132","Lesotho","Total",NA,NA,NA,NA,NA,NA,NA,NA,NA,68.64994,NA,NA,NA,78.224892,9.5749521,14.804191,25.134085,63.4207,NA,7.3226337,14.452477,2.1171114,2.7104163,95.17247,42.754322,NA,NA,NA,62.372765
"133","Afghanistan","Total",NA,NA,NA,NA,NA,NA,NA,NA,30,67.064621,NA,NA,NA,70.23867,3.1740446,48.565929,38.350941,21.672737,NA,10.877379,18.883953,37.746033,34.445061,27.808907,43.41761,NA,NA,NA,53.241589
"134","Bhutan","Total",NA,NA,NA,NA,NA,NA,59.442459,31.569368,8.9881744,NA,88.370728,61.070271,36.163113,99.734436,2.5010548,0,87.971687,99.734436,36.163113,0.02460276,0.24095921,NA,NA,NA,69.253937,NA,NA,NA,78.300102
"135","Morocco","Total",NA,NA,NA,NA,NA,NA,82.050003,5.0576978,12.892303,NA,87.958115,16.512074,80.741776,90.970169,4.1916566,12.966469,70.266441,78.0037,70.266441,2.926837,6.1029935,NA,NA,NA,NA,49.753494,11.303901,4.8139138,92.246948
"136","Saint Pierre and Miquelon","Total",NA,NA,NA,NA,NA,NA,NA,NA,NA,NA,91.400002,8.2716999,91.400002,91.400002,0,0.89999998,83.128304,90.5,83.128304,0,8.6000004,NA,NA,NA,NA,NA,NA,NA,NA
"137","Niue","Total",NA,NA,NA,NA,NA,NA,100,0,0,NA,98.198746,0.98198742,97.216751,98.198746,0,11.29979,98.198746,86.898949,97.216751,0,1.8012578,NA,NA,NA,96.771492,NA,NA,NA,96.771492
"138","Chile","Total",NA,NA,NA,NA,NA,NA,NA,NA,3.6285715,NA,99.260262,1.1936215,98.639168,99.832794,0,0.22702026,99.470055,99.605774,98.639168,0,0.16720881,NA,NA,NA,NA,22.535179,3.2977242,2.6666522,100
"139","Bosnia and Herzegovina","Total",NA,NA,NA,NA,NA,NA,NA,NA,NA,NA,88.841896,7.3004613,98.722672,99.939018,3.7966626,4.8007879,90.756027,95.138229,88.841896,0,0.060981285,NA,NA,NA,NA,73.805267,15.592902,1.3176003,95.956795
"140","Republic of Moldova","Total",NA,NA,NA,NA,NA,NA,100,0,0,NA,87.056366,16.17774,75.466118,90.549423,1.4937687,24.408842,72.877914,66.140579,72.877914,0,9.4505787,NA,NA,NA,76.308197,NA,NA,NA,87.177559
"141","Samoa","Total",NA,NA,NA,NA,NA,NA,NA,NA,NA,NA,98.035179,38.561489,58.821106,98.035179,0.65258205,13.13276,94.835289,84.90242,58.821106,0.30788529,1.6569374,NA,NA,NA,NA,49.700279,48.352333,0,98.167938
"142","Germany","Total",NA,NA,NA,NA,NA,NA,100,0,0,NA,100,0.2,99.988335,100,0,0,99.800003,100,99.800003,0,0,NA,NA,NA,NA,1.9918393,0.85032094,0.84775966,100
"143","Republic of Korea","Total",NA,NA,NA,NA,NA,NA,100,0,0,NA,99.787659,1.5737939,98.21386,99.787659,0,0.99794072,99.292259,98.789711,98.21386,0,0.212345,NA,NA,NA,NA,0.095691226,0.11699929,0.51813298,100
"144","Bulgaria","Total",NA,NA,NA,NA,NA,NA,NA,NA,NA,NA,97.688736,2.1624076,98.450455,99.108345,0,0,96.945938,99.108345,96.945938,NA,0.89165717,NA,NA,NA,NA,21.589985,4.895967,4.0860081,99.999443
"145","Qatar","Total",NA,NA,NA,NA,NA,NA,100,0,0,NA,99.5681,3.3853154,97.817596,99.5681,0,0,96.182785,99.5681,96.182785,0,0.43189806,NA,NA,NA,NA,3.9684629,1.9842315,1.9842315,100
"146","Hungary","Total",NA,NA,NA,NA,NA,NA,100,0,0,NA,100,10.427236,89.572762,100,0,0,100,100,89.572762,0,2.5113322e-06,NA,NA,NA,NA,2.3121254,8.8890791,8.8613558,100
"147","Democratic People's Republic of Korea","Total",NA,NA,NA,NA,NA,NA,NA,NA,NA,NA,93.92347,27.886631,73.643372,95.195717,0.68326342,27.66293,74.953728,67.532784,66.625824,0.26825401,4.5360298,NA,NA,NA,83.158409,NA,0.8065055,NA,84.488602
"148","Tajikistan","Total",NA,NA,NA,NA,NA,NA,78.691277,7.5587249,13.75,NA,47.86705,33.329227,72.793091,83.519806,2.3235285,19.213064,60.321671,64.30674,47.86705,14.173883,2.3063133,72.703506,22.622557,4.6739388,97.023064,NA,NA,NA,99.432587
"149","Macao","Total",NA,NA,NA,NA,NA,NA,100,0,0,NA,100,0,100,100,0,0,100,100,100,0,0,NA,NA,NA,NA,NA,NA,NA,NA
"150","Iraq","Total",NA,NA,NA,NA,NA,NA,NA,NA,NA,NA,74.132431,37.700153,58.833328,97.936302,1.4028205,18.414808,82.448967,79.521492,58.833328,1.3230014,0.74069983,94.575951,3.9065285,1.5175236,NA,53.053268,26.060097,0,95.236382
"151","Bahrain","Total",NA,NA,NA,NA,NA,NA,100,0,0,NA,99.944519,1.0167378,99.110649,100,0,NA,98.983261,NA,98.983261,0,0,NA,NA,NA,NA,4,2.4448249,2.4448249,100
"152","Colombia","Total",NA,NA,NA,NA,NA,NA,55.200001,18.885447,25.914553,NA,76.452431,24.066685,81.489128,97.492287,0.19217819,8.7511473,95.971893,88.741142,73.233429,1.6726986,0.83501357,65.385757,4.1786413,30.4356,NA,72.63887,4.4397588,0.71792173,94.70887
"153","Jordan","Total",NA,NA,NA,NA,NA,NA,92.696823,6.97718,0.32599837,NA,93.818344,5.1188788,97.908272,98.937225,0,11.089349,95.295479,87.84787,93.818344,0.16454513,0.89823222,NA,NA,NA,NA,16.78483,8.4313745,8.4313745,98.452362
"154","Albania","Total",NA,NA,NA,NA,NA,NA,NA,NA,NA,NA,70.023148,21.016077,87.000206,96.164429,5.1252046,9.895278,89.080933,86.269157,70.023148,0,3.8355675,NA,NA,NA,NA,57.862919,0.44453382,0.18176612,99.809456
"155","Nicaragua","Total",NA,NA,NA,NA,NA,NA,NA,NA,31.542706,NA,55.372402,29.924252,66.962555,83.055847,1.5310818,13.69568,79.25145,69.360168,51.60051,3.3031802,13.640974,NA,NA,NA,74.434731,NA,NA,NA,80.105682
"156","Guatemala","Total",NA,NA,NA,NA,NA,NA,NA,NA,18.945822,NA,61.74614,38.199799,56.58091,95.245758,1.0551746,15.095652,87.315536,80.150101,55.99078,1.6176839,3.1365609,76.665504,20.750044,2.5844519,65.063133,NA,NA,NA,76.737091
"157","Italy","Total",NA,NA,NA,NA,NA,NA,100,0,0,NA,95.039612,4.4031196,95.36882,99.442734,0,NA,97.484245,NA,95.039612,0,0.55726612,NA,NA,NA,NA,2.564419,2.604214,2.53477,98.871941
"158","Austria","Total",NA,NA,NA,NA,NA,NA,NA,NA,NA,NA,98.906204,1.093799,99.123405,100,0,NA,100,NA,98.906204,0,0,NA,NA,NA,NA,3.2261713,2.1320667,2.1320667,99.972908
"159","Portugal","Total",NA,NA,NA,NA,NA,NA,100,0,0,NA,95.343513,4.5957522,98.799995,99.907661,0,0,99.416603,99.907661,95.311905,0,0.092339791,NA,NA,NA,NA,14.901477,10.36107,10.36107,99.942009
"160","Northern Mariana Islands","Total",NA,NA,NA,NA,NA,NA,NA,NA,NA,NA,90.243301,9.7567015,99.400002,100,0,9.9405012,94.470009,90.059502,90.243301,0,0,NA,NA,NA,78.905006,NA,NA,NA,97.669502
"161","Puerto Rico","Total",NA,NA,NA,NA,NA,NA,NA,NA,NA,NA,97.124794,3.039818,97.124794,97.124794,0,2.8752093,94.084976,94.24958,94.084976,0,2.8752093,NA,NA,NA,NA,64.626411,1.4147236,0.45991477,97.170555
"162","Uzbekistan","Total",NA,NA,NA,NA,NA,NA,89.51545,NA,NA,NA,NA,38.929646,90.382095,97.83345,0,27.598232,58.903805,70.235222,58.903805,1.9421082,0.22443917,NA,NA,NA,100,NA,NA,NA,100
"163","Singapore","Total",NA,NA,NA,NA,NA,NA,100,0,0,NA,NA,0,100,100,0,0,100,100,100,0,0,NA,NA,NA,NA,0,0,0,100
"164","Isle of Man","Total",NA,NA,NA,NA,NA,NA,NA,NA,NA,NA,NA,1.8674351,99.074997,99.074997,0,0.92500001,97.207565,98.150002,97.207565,0,0.92500001,NA,NA,NA,NA,NA,NA,NA,NA
"165","Liechtenstein","Total",NA,NA,NA,NA,NA,NA,NA,NA,NA,NA,NA,0,100,100,0,0,100,100,100,0,0,NA,NA,NA,NA,0.30000001,0.32499999,0.625,99.949997
"166","Israel","Total",NA,NA,NA,NA,NA,NA,100,0,0,NA,NA,0.6181978,99.381805,100,0,0,100,100,99.381805,0,0,NA,NA,NA,NA,6.327446,0.21122001,0.19866793,100
"167","Slovakia","Total",NA,NA,NA,NA,NA,NA,100,0,0,NA,NA,0,99.841148,100,0.21226589,1.5270245,99.787735,98.472977,99.787735,0,0,NA,NA,NA,NA,15.41841,8.4548216,8.1836576,99.95401
"168","Russian Federation","Total",NA,NA,NA,NA,NA,NA,NA,NA,1.8083333,NA,NA,21.062178,95.793152,97.722191,0.63227868,3.6019218,76.027733,94.12027,76.027733,NA,2.2778101,NA,NA,NA,NA,29.176006,5.3164687,3.5572093,90.482224
"169","Switzerland","Total",NA,NA,NA,NA,NA,NA,100,0,0,NA,NA,4.5445948,95.455406,100,0,0,100,100,95.455406,0,0,NA,NA,NA,NA,0.35106304,0.76407951,0.76407951,99.990494
"170","Canada","Total",NA,NA,NA,NA,NA,NA,NA,NA,NA,NA,NA,0.57539004,99.314896,99.436241,0,0.031311024,98.860855,99.40493,98.860855,0,0.56375593,NA,NA,NA,NA,16.969614,0.84201348,13.718075,99.286011
"171","American Samoa","Total",NA,NA,NA,NA,NA,NA,NA,NA,NA,NA,NA,87.198692,12.575083,99.773773,0,0.17772548,98.534912,99.596046,12.575083,0,0.22622834,NA,NA,NA,54.454762,NA,NA,NA,99.030251
"172","New Caledonia","Total",NA,NA,NA,NA,NA,NA,NA,NA,NA,NA,NA,2.6677454,96.660851,99.328598,0,0.67140239,97.923927,98.657196,96.660851,0,0.67140239,NA,NA,NA,100,NA,NA,NA,100
"173","Guam","Total",NA,NA,NA,NA,NA,NA,NA,NA,NA,NA,NA,0.15402651,99.693375,99.695198,0,NA,99.541176,NA,99.541176,0,0.3048,NA,NA,NA,NA,NA,NA,NA,NA
"174","Mongolia","Total",NA,NA,NA,NA,NA,NA,74.400002,23.85,1.75,NA,NA,59.591034,81.324852,85.42527,2.1121533,60.295715,23.72208,25.129555,23.72208,6.7473855,7.8273463,71.17955,7.1883378,21.632113,58.479393,NA,NA,NA,86.482735
"175","Belgium","Total",NA,NA,NA,NA,NA,NA,100,0,0,NA,NA,0.47681436,99.523186,100,0,0,100,100,99.523186,0,0,NA,NA,NA,NA,2.3858778,1.1929389,1.1929389,99.999763
"176","Romania","Total",NA,NA,NA,NA,NA,NA,NA,NA,NA,NA,NA,18.08419,99.490631,100,0,35.473717,81.91581,64.526283,81.91581,0,0,NA,NA,NA,NA,7.7692361,16.364788,14.390986,84.557365
"177","Croatia","Total",NA,NA,NA,NA,NA,NA,51,NA,NA,NA,NA,9.6272554,89.959412,99.58667,0,0,96.894707,99.58667,89.959412,NA,0.41333345,NA,NA,NA,NA,38.041504,11.380416,7.9353285,99.015198
"178","Mayotte","Total",NA,NA,NA,NA,NA,NA,NA,NA,NA,NA,NA,13.293668,92.791451,97.009178,0,1.541692,83.715515,95.467484,83.715515,2.8801703,0.11065061,NA,NA,NA,NA,NA,NA,NA,NA
"179","Norway","Total",NA,NA,NA,NA,NA,NA,100,0,0,NA,NA,1.6570293,98.342972,100,0,0,100,100,98.342972,0,0,NA,NA,NA,NA,21.736898,6.1515918,7.0355396,100
"180","Latvia","Total",NA,NA,NA,NA,NA,NA,100,0,0,NA,NA,3.435324,99.19619,99.305794,0.67961317,7.1824541,95.190857,92.123344,95.190857,0,0.69420451,NA,NA,NA,NA,6.3245044,0.84151506,0.79193282,94.330643
"181","Japan","Total",NA,NA,NA,NA,NA,NA,NA,NA,NA,NA,NA,0.55650085,99.010208,99.010208,0,1.113125,98.453705,97.897087,98.453705,0,0.98979169,NA,NA,NA,NA,1.1343497,0.03817248,22.394724,99.894707
"182","Poland","Total",NA,NA,NA,NA,NA,NA,NA,NA,NA,NA,NA,0.56861383,99.724686,99.724686,0,1.1704537,99.156067,98.55423,99.156067,0,0.27531746,NA,NA,NA,NA,5.5441561,7.34828,12.892436,99.837395
"183","Malaysia","Total",NA,NA,NA,NA,NA,NA,99.660004,NA,NA,NA,NA,3.3666604,96.933899,97.053299,0.35736197,2.5169702,93.329277,94.536331,93.329277,NA,2.9466991,NA,NA,NA,NA,10.938124,9.6448908,0.54488826,99.572037
"184","China, Hong Kong SAR","Total",NA,NA,NA,NA,NA,NA,100,0,0,NA,NA,0,100,100,0,0,100,100,100,0,0,NA,NA,NA,NA,4.662775,1.7818878,1.69411,96.436226
"185","Kyrgyzstan","Total",NA,NA,NA,NA,NA,NA,NA,NA,NA,NA,NA,19.232582,83.20417,89.264267,1.8083671,0,68.22332,89.264267,68.22332,8.8629341,1.8727956,89.220398,8.9339857,1.8456124,96.507065,NA,NA,NA,99.865929
"186","Ireland","Total",NA,NA,NA,NA,NA,NA,NA,NA,NA,NA,NA,0.071720332,97.394547,97.394547,0,0.01722401,97.322823,97.377319,97.322823,0,2.6054554,NA,NA,NA,NA,8.8315773,20.196949,1.311962,98.163208
"187","New Zealand","Total",NA,NA,NA,NA,NA,NA,NA,NA,NA,NA,NA,0,100,100,0,0,100,100,100,0,0,NA,NA,NA,NA,11.32074,4.9508705,4.6729536,100
"188","Turkmenistan","Total",NA,NA,NA,NA,NA,NA,NA,NA,NA,NA,NA,4.9103365,93.903992,100,1.185672,43.038563,98.686363,56.961437,93.903992,0,0,100,0,0,98.699196,NA,NA,NA,99.972656
"189","United States","Total",NA,NA,NA,NA,NA,NA,100,0,0,NA,NA,0.26741415,99.001778,99.269196,0,0.53401881,99.129089,98.735176,99.001778,0,0.7308079,NA,NA,NA,NA,10.00302,4.4298453,4.3714151,99.970016
"190","Netherlands","Total",NA,NA,NA,NA,NA,NA,100,0,0,NA,NA,0.048986487,99.951012,100,0,0,100,100,99.951012,0,7.1654591e-07,NA,NA,NA,NA,0.2403459,0.10848192,0.10845523,99.999466
"191","Iceland","Total",NA,NA,NA,NA,NA,NA,NA,NA,NA,NA,NA,0,100,100,0,0,100,100,100,0,5.6931532e-07,NA,NA,NA,NA,17.024097,1.5905119,1.3563089,100
"192","Martinique","Total",NA,NA,NA,NA,NA,NA,NA,NA,NA,NA,NA,1.1358681,98.864128,100,0,0,99.914063,100,98.864128,0,0,NA,NA,NA,99.609016,NA,NA,NA,99.609016
"193","Slovenia","Total",NA,NA,NA,NA,NA,NA,100,0,0,NA,NA,1.4820529,99.140594,99.535027,0,0.54155314,98.052971,98.993469,98.052971,0,0.46497449,NA,NA,NA,NA,16.068245,15.206738,13.793344,100
"194","Oman","Total",NA,NA,NA,NA,NA,NA,92.313332,6.2325001,1.4541667,NA,NA,1.66304,97.694,100,8.0619202,9.9406815,90.27504,90.059319,90.27504,0,1.3164733e-06,97.400002,NA,NA,100,NA,NA,NA,100
"195","Channel Islands","Total",NA,NA,NA,NA,NA,NA,NA,NA,NA,NA,NA,2.175,93.99308,94.150002,0,4.3499999,91.974998,89.800003,91.974998,0,5.8499999,NA,NA,NA,NA,8.5,7.191,1.309,98.5
"196","Denmark","Total",NA,NA,NA,NA,NA,NA,100,0,0,NA,NA,3.265327,97.569939,100,0,0,96.734673,100,96.734673,0,1.0645263e-06,NA,NA,NA,NA,4.7568808,2.101027,2.088532,100
"197","Cyprus","Total",NA,NA,NA,NA,NA,NA,NA,NA,NA,NA,NA,0,99.613289,99.613289,0,0,99.613289,99.613289,99.613289,0,0.38671386,NA,NA,NA,NA,23.688637,11.844318,11.844318,99.152313
"198","North Macedonia","Total",NA,NA,NA,NA,NA,NA,NA,NA,NA,NA,NA,12.133508,86.010765,99.398415,6.2569547,6.8748784,91.644737,92.523537,81.007957,0,0.60158265,NA,NA,NA,NA,82.568611,9.7228861,0.79727668,99.295486
"199","Georgia","Total",NA,NA,NA,NA,NA,NA,73.800003,16.200001,10,NA,NA,18.399759,83.827591,98.39444,0,17.991974,98.39444,80.402466,79.994682,0.026081271,1.5794793,NA,NA,NA,NA,62.859684,19.021397,2.2066586,91.102509
"200","Sweden","Total",NA,NA,NA,NA,NA,NA,NA,NA,NA,NA,NA,0.060000002,99.940002,100,0,0,100,100,99.940002,0,0,NA,NA,NA,NA,5.9161401,3.8877869,3.8877869,99.994064
"201","Gibraltar","Total",NA,NA,NA,NA,NA,NA,100,0,0,NA,NA,0,100,100,0,0,100,100,100,0,0,NA,NA,NA,100,NA,NA,NA,100
"202","Luxembourg","Total",NA,NA,NA,NA,NA,NA,NA,NA,NA,NA,NA,0.16492698,99.889603,99.889603,0,0.11039288,99.724678,99.779213,99.724678,0,0.11039681,NA,NA,NA,NA,0.963871,0.43777904,0.43737751,99.971207
"203","United Kingdom","Total",NA,NA,NA,NA,NA,NA,NA,NA,NA,NA,NA,0.011222223,99.988777,100,0,0,100,100,99.988777,0,0,NA,NA,NA,NA,1.355781,0.71815312,0.71815312,99.826965
"204","Ukraine","Total",NA,NA,NA,NA,NA,NA,NA,NA,NA,NA,NA,1.7839633,92.535057,99.435387,5.644567,33.347641,92.006859,66.087746,92.006859,0.32871071,0.23590213,NA,NA,NA,NA,27.764511,22.933796,14.329277,98.444069
"205","French Guiana","Total",NA,NA,NA,NA,NA,NA,NA,NA,NA,NA,NA,3.3258965,93.779327,94.111946,0,6.2892594,90.786049,87.822685,90.786049,0,5.8880525,NA,NA,NA,91.709709,NA,NA,NA,91.709709
"206","Kazakhstan","Total",NA,NA,NA,NA,NA,NA,NA,NA,NA,NA,NA,6.1152558,96.946159,97.355629,1.7281193,16.526844,89.512253,80.828781,89.512253,0.078262217,2.5661113,98.999374,0.76399159,0.23663434,97.873703,NA,NA,NA,99.90625
"207","France","Total",NA,NA,NA,NA,NA,NA,100,0,0,NA,NA,2.1462414,97.85376,100,0,0,100,100,97.85376,0,0,NA,NA,NA,NA,10.278654,10.337621,0,100
"208","Greece","Total",NA,NA,NA,NA,NA,NA,NA,NA,NA,NA,NA,0,100,100,0,0,100,100,100,0,0,NA,NA,NA,NA,8.5920448,4.2960224,4.2960224,100
"209","Pakistan","Total",NA,NA,NA,NA,NA,NA,57.475121,8.1770849,34.347797,NA,NA,56.151104,35.314346,92.06498,0.59952921,63.692429,77.31633,28.372551,35.314346,2.078042,5.8569779,59.606911,31.961674,8.4314127,59.869495,NA,NA,NA,70.051712
"210","Saint Helena, Ascension and Tristan da Cunha","Total",NA,NA,NA,NA,NA,NA,NA,NA,NA,NA,NA,9.8653803,89.184624,99.050003,0,0.94999999,98.575119,98.099998,89.184624,0,0.94999999,NA,NA,NA,100,NA,NA,NA,100
"211","Monaco","Total",NA,NA,NA,NA,NA,NA,100,0,0,NA,NA,0,100,100,0,0,100,100,100,0,0,NA,NA,NA,NA,0,0,0,100
"212","Guadeloupe","Total",NA,NA,NA,NA,NA,NA,NA,NA,NA,NA,NA,2.2876537,97.397751,99.685402,0,0.0069073606,99.570457,99.678497,97.397751,0,0.31459731,NA,NA,NA,99.610596,NA,NA,NA,99.610596
"213","Malta","Total",NA,NA,NA,NA,NA,NA,NA,NA,NA,NA,NA,0,100,100,0,0,100,100,100,0,0,NA,NA,NA,NA,6.9719305,0,0,99.955994
"214","Costa Rica","Total",NA,NA,NA,NA,NA,NA,81.809998,8.1797762,10.010224,NA,NA,5.8987169,93.802795,100,0.29848361,0.27152821,99.581009,99.72847,93.802795,0,2.4883013e-06,NA,NA,NA,97.818359,NA,NA,NA,98.33255
"215","Greenland","Total",NA,NA,NA,NA,NA,NA,NA,NA,NA,NA,NA,3.2523139,97.569939,100,0,0,96.747681,100,96.747681,0,2.5327754e-06,NA,NA,NA,NA,4.7568803,2.1010268,2.0885317,100
"216","Finland","Total",NA,NA,NA,NA,NA,NA,100,0,0,NA,NA,0.36687508,100,100,0,0,99.633125,100,99.633125,0,0,NA,NA,NA,NA,0.24209318,14.367449,0.23777008,99.999825
"217","Belarus","Total",NA,NA,NA,NA,NA,NA,100,0,0,NA,NA,1.9625809,97.052513,99.814034,3.330061,6.911541,94.521393,92.902489,94.521393,0,0.18596797,NA,NA,NA,NA,17.275187,2.3819699,2.0025871,99.429985
"218","Iran (Islamic Republic of)","Total",NA,NA,NA,NA,NA,NA,NA,NA,NA,NA,NA,3.4492517,92.272629,97.161163,1.9166174,4.7713985,91.795296,92.389763,91.795296,0.10226899,2.7365687,NA,NA,NA,88.421867,NA,NA,NA,98.055557
"219","Spain","Total",NA,NA,NA,NA,NA,NA,100,0,0,NA,NA,1.4847891,98.44149,99.926277,0,0,99.926277,99.926277,98.44149,0,0.073721692,NA,NA,NA,NA,3.2840548,0,0,99.984375
"220","Réunion","Total",NA,NA,NA,NA,NA,NA,NA,NA,NA,NA,NA,3.8207667,96.17923,100,0,0.037634198,99.678802,99.962364,96.17923,0,0,NA,NA,NA,99.602486,NA,NA,NA,99.602486
"221","Vanuatu","Total",NA,NA,NA,NA,NA,NA,NA,NA,NA,NA,NA,47.12648,44.130325,92.322861,1.066053,44.702076,50.312271,47.620781,44.130325,7.6771431,0,25.20915,42.827633,31.963219,34.067059,NA,NA,NA,68.613815
"222","Central African Republic","Total",NA,NA,NA,NA,NA,NA,15.95,7.8057461,76.244255,NA,NA,NA,NA,NA,NA,NA,NA,NA,NA,NA,NA,NA,NA,NA,NA,NA,NA,NA,NA
"223","Saint Kitts and Nevis","Total",NA,NA,NA,NA,NA,NA,83.579353,NA,NA,NA,NA,NA,NA,NA,NA,NA,NA,NA,NA,NA,NA,NA,NA,NA,NA,NA,NA,NA,NA
"224","Dominica","Total",NA,NA,NA,NA,NA,NA,100,0,0,NA,NA,NA,NA,NA,NA,NA,NA,NA,NA,NA,NA,NA,NA,NA,NA,NA,NA,NA,NA
"225","Argentina","Total",NA,NA,NA,NA,NA,NA,NA,NA,10.1,NA,NA,NA,NA,NA,NA,NA,NA,NA,NA,NA,NA,NA,NA,NA,NA,NA,NA,NA,NA
"226","Eritrea","Total",NA,NA,NA,NA,NA,NA,NA,NA,32.327885,NA,NA,NA,NA,NA,NA,NA,NA,NA,NA,NA,NA,NA,NA,NA,NA,NA,NA,NA,NA
